1, a, ả đào
2, á, ác ý
3, acbit hối đoái, ái ân
4, ái chà, an cư
5, an cư, án quyết
6, án sát, anh trai
7, anh trai, ảo não
8, ảo nhật, áo mền
9, áo mưa, áp dụng
10, áp đảo, azote
11, ă, ăn chay
12, ăn chắc, ăn đứt
13, ăn đứt, ăn chớp
14, ăn kĩ làm dối, ăn năn
15, ăn năn, ăn quỵt
16, ăn quỵt, ăn uống
17, ăn uống, ắt phải
18, â, âm nhạc
19, âm noãn, ẩm thấp
20, ẩm thấp, ậm à ậm ạch
21, ậm à ậm ừ, ẩn sĩ
22, ẩn số, ập
23, ập, âý
24, b, ba đầu sáu tay mười hai con mắt
25, ba đầu sáu tay mười hai con mắt, ba que
26, ba que, bà đồng
27, bà đỡ, bá láp
28, bá quan, bạc cắc
29, bạc đãi, bách khoa toàn thư
30, bách nghệ, bai bải
31, bai bải, bải vị
32, bài vở, bại
33, bại, ban
34, ban, bàn
35, bàn, bàn máy
36, bàn mổ, bản doanh
37, bản dương, bản tính
38, bản tính, bán lẻ
39, bán lỗ, bán trú
40, bán tự động, bàng bạng
41, bàn bạng, banh
42, banh, bánh đà
43, bánh đai, bao
44, bao, bao nhím
45, bao phấn, bào tử
46, bào xác, bảo mạng
47, bảo mạng, báo cáo
48, báo cáo, bạo dạn
49, bạo dạn, bát ngát
50, bát ngát, bay
51, bay, bắc
52, bắc, bắn
53, bắn, băng đảng
54, băng đảo, bằng cứ
55, bằng đẳng, bắt
56, bắt, bắt giữ
57, bắt giữ, bắt tréo
58, bắt tréo, bấm ra sửa
59, bấm số, bận
60, bận, bập bùng
61, bập bùng, bất giác
62, bất giác, bất nhẫn
63, bất nhẫn, bất trung
64, bất túc, bầu dục
65, bầu đàn thê tử, bây nhiêu
66, bây nhiêu, be
67, be, bé
68, bé bỏng, béng
69, béng, bẹp
70, bét, bề thế
71, bề tôi, bên cạnh
72, bên cạnh, bệnh
73, bệnh, bệnh thương hàn
74, bệnh tích, bi ai
75, bi-ăng-tin, bì tải
76, bì thơ, bí truyền
77, bí tử, biếm hoạ
78, biên, biển báo
79, biển báo, biến sắc
80, biến sắc, biết đâu chừng
81, biết đâu đấy, biệt tích
82, biệt tích, big bang
83, bìm, binh tình
84, binh tình, bình luận
85, bình luận viên, BIOS
86, bíp, bỏ
87, bò, bỏ ngỏ
88, bỏ ngỏ, bó tay
89, bó tay, bom
90, bom, bỏng
91, bỏng, bóng thám không
92, bóng tối, bót
93, bót đảnh răng, bồ sứt cạp
94, bổ, bố
95, bố, bộ dàn
96, bộ dàn, bộ tư lệnh
97, bộ tướng, bộc trực
98, bộc trực, bổi hổi
99, bổi hổi bồi hồi, bồn chồn
100, bồn chồn, bông thấm nước
101, bông thùa, bốp chát
102, bốp chát, bơ
103, bơ, bơi
104, bơi, bơm nước
105, bơm phồng, Br
106, brôm, bủa
107, bủa giăng, bụm
108, bụm, bủng beo
109, bủng beo, buồm lộng gió
110, buôn, buồn phiền
111, buồn phiền, buồng
112, buồng, bút phê
113, bút sa gà chết, bức
114, bức, bước
115, bước, bướu
116, bướu, byte
117, c, ca xướng
118, cà, cà ròn
119, cà-rốt, cả tháng
120, cả tháng, cá lạc
121, cá lành canh, cá vàng bụng bọ
122, cả voi, cách thuỷ
123, cách thức, cải nguyên
124, cải nhiệm, cam chịu
125, cam còm, cảm quyết
126, cảm tạ, can thiệp
127, can tội, cáng
128, cáng, cảnh bị
129, cảnh binh, cạnh
130, cạnh, cao kều
131, cao khiết, cao trình
132, cao trở kế, cạo giấy
133, cạo giấy, cáu sườn
134, cáu sườn, căm
135, căm, căn cước
136, căn dặn, căng thẳng
137, căng thẳng, câm
138, câm hầu tắc cổ, cầm thú
139, cầm thinh, cân đối
140, cân đối, cần yếu
141, cẩn, cấp hiệu
142, cấp hiệu, cất lẻn
143, cất lén, câu nói
144, câu nói, cầu là
145, cầu leo, cấu kiện
146, cấu tạo, cây chuyển hướng
147, cây cỏ, cây hoàng bá
148, cây hoàng đàn, cây ngay thì bóng cũng ngay
149, cây nghệ, cây thảo quả
150, cây thân cỏ, cấy chiêm
151, cấy chiêm, chả gì
152, chả gì, chan
153, chan chan, chành chạnh
154, chành chạnh, chào mời
155, chào mừng, chày kình
156, chày máy, chạy giấy
157, chạy gió, chắc chắn
158, chắc chắn, chẵn
159, chẵn, chẳng là
160, chẳng lẽ, chắt mót
161, chắt ngoại, chậm bước
162, chậm chà chậm chạp, chân son mình rỗi
163, chân tài, chấp chính
164, chấp choá, chất đặc
165, chất đất, châu
166, châu, che mờ
167, che mờ, chen vai
168, chen vai thich cánh, chét
169, chét tay, chênh chênh
170, chênh chỏng, chết não
171, chết ngạt, chì
172, chì, chí mạng
173, chí nguy, chích
174, chích chích, chiến lược
175, chiến mã, chiều
176, chiều, chim dẽ
177, chim di cư, chin rộ
178, chín rục, chính khách
179, chính khách, chịu
180, chịu, chò
181, chò hỏ, choáng ngợp
182, choáng váng, chòm xóm
183, chỏm, chỗ nối
184, chỗ nứt, chộn rộn
185, chông, chờ đợi
186, chờ được vạ má đã sưng, chờm bơm
187, chờm bơm, chủ đầu tư
188, chủ đề, chú âm
189, chú bác, chuẩn đích
190, chuẩn độ, chun chủn
191, chun chủn, chủng chẳng
192, chủng chẳng, chuồng xí
193, chuộng, chuyên khoa
194, chuyên khoa, chuyển hướng
195, chuyển hướng, chữ số La Mã
196, chữ thảo, chứa nước
197, chứa nước lũ, chững
198, chững, chướng tai
199, chướng tai gai mắt, cỏ đuôi voi
200, cỏ gà, có điều độ
201, có điều độ, có tình
202, có tình, coi trọng
203, coi trọng, con cón
204, con cọp giấy, con nụ
205, con nuôi, còn người còn của
206, còn như, cô
207, cô, cổ điển
208, cổ diển, cố
209, cố, cốc láo
210, cốc láo, cồn muối
211, cồn ruột, công-đăng-xa-đo
212, công điểm, công nghệ phần mềm
213, công nghệ sạch, công sứ
214, công sứ, công vụ
215, công xã, cộng sinh
216, cộng sinh, cột quảng cáo
217, cột số, cơ lỡ
218, cơ lỡ, cờ đuôi nheo
219, cờ đuôi vược, cơm cháy
220, cơm chiên, CP
221, CPU, cũ
222, cũ càng, của độc
223, của độc, cùi
224, cùi chỏ, cung bậc
225, cung bậc, cùng đường
226, cùng giời, cuốc bộ
227, cuốc bộ, cuốn vó
228, cuống xéo, cuống quít
229, cuống vé, cử động
230, cử hành, của cái
231, cửa cao nhà rộng, cửa võng
232, cửa xanh, cứng
233, cứng, cười góp
234, cười ha hả, cườm
235, cương, cưỡng đoạt
236, cưỡng đoạt, cứu
237, cứu, Cựu Ước
238, d, dã dượi
239, dã dượi, dài dòng
240, dài dòng, dại khờ
241, dại khờ, dãn
242, dãn, danh hiệu
243, danh hiệu, dao búa
244, dao cạo, dạo
245, dạo, dạy bảo
246, dạy bảo, dắt díu
247, dắt đường, dân
248, dân, dần
249, dần, dẫn xuất
250, dấn, dâu tằm
251, dâu tây, dầu thực vật
252, dầu trẩu, dây
253, dây, dây máu ăn phần
254, dây mềm, dẽ dàng
255, dẽ dàng, dễ chịu
256, dễ chịu, di căn
257, di căn, dị biệt
258, dị chủng, dịch vụ
259, dịch vụ hậu mãi, diện
260, diện, dính
261, dính, doa
262, doá, dọn dẹp
263, dọn đường, dô
264, dô-ga, dồn dập
265, dồn dập, dở
266, dở, du canh
267, du canh, dục
268, dục anh, dung độ
269, dung giải, duy mĩ
270, duy ngã luận, dừ
271, dử, dự trù
272, dự trữ, dựng tóc gáy
273, dựng vợ gả chồng, dưỡng chất
274, dưỡng chí, dynamo
275, đ, đa mưu
276, đa năng, đà đận
277, đà đận, đá
278, đá, đá song phi
279, đá tai mèo, đài ghi âm
280, đài giám đốc, đại
281, đại, đại đồng tiểu dị
282, đại động mạch, đại lượng
283, đại lượng, đại thương gia
284, đại tiệc, đảm nhiệm
285, đảm trách, đàn
286, đàn, đạn báo hiệu
287, đạn bọc đường, đảng phái
288, đảng phí, đáng yêu
289, đanh, đánh
290, đánh áp, đánh địt
291, đánh đòn, đánh lừa
292, đánh lừa, đánh vần
293, đánh vật, đảo
294, đảo, đạo đức
295, đạo gia, đạp bằng
296, đạp đổ, đày
297, đày, đặc công
298, đặc công, đằm
299, đằm, đăng quang
300, đăng quang, đằng tướng
301, đắng, đặt câu
302, dặt chân, đâm sầm
303, đâm thọc, đần độn
304, đẩn, đất chua
305, đất chua mặn, đâu
306, đâu, đầu độc
307, đầu độc, đầu Ngô mình Sở
308, đầu người, đầu xương cụt
309, đẩu, đậu
310, đậu, đầy đủ
311, đầy gan đầy ruột, đè
312, đè bẹp, đen ngòm
313, đen ngòm, đèn khí đá
314, đèn lái, đèo
315, đèo bòng, đê hạ
316, đê hèn, đề huề
317, đề kháng, để mắt
318, để ngỏ, đêm này qua đêm khác
319, đêm ngày, đến hay
320, đến khi, đi
321, đi, đi làm
322, đi lị, đia
323, đỉa giả, địa mạo
324, địa ngục, điềm may
325, điểm nhiên, điên đầu
326, điên điên khùng khùng, điên áp phóng ban đầu
327, điện áp quét, điện thoại điều độ
328, điện thoại đường dài, điều
329, điều, điều trần
330, điều trần, đinh sang
331, đinh tai, định bụng
332, định bụng, đìu
333, đìu, đỏ lờ
334, đỏ lừ, đoàn kết
335, đoàn luyện, đoảng
336, đoảng, đon ren
337, đòn, đóng
338, đóng, đô tuỳ
339, đô uý, đồ hoạ
340, đồ hộ, đổ ải
341, đổ bê-tông, đố
342, đố, độ rõ
343, độ rộng, độc hại
344, độc hại, đồi trụy
345, đồi vận, đối lập
346, đối liên, đội tuyển
347, đội tuyển, độn tóc
348, đông, đồng
349, đồng bàn, đồng hồ
350, đồng hồ, đồng môn
351, đồng môn, đồng tượng
352, đồng văn, động rừng
353, đông sinh học, đột nhiên
354, đột phá, đời nào
355, đời này, đơn giản
356, đơn giản hoá, đủ đờ
357, đù đờ, đục chạm
358, đục dơ, đúng hẹn
359, đúng lí, đút lót
360, đút lót, đức rộng tài cao
361, đức thánh, được chăng hay chớ
362, được chăng hay chớ, đường bay
363, đường bay, đường goòng
364, đường gơ-lu-cô, đường tắt
365, đường tâm nhà ga, đứt tay hay thuốc
366, e, eo sèo
367, eo sèo, ethylene
368, ê, êm ru
369, êm tai, ễnh ương
370, f, fuy
371, g, gạ
372, gạ chuyện, gái đĩ già mồm
373, gái điếm, gạo châu củi quế
374, gạo cội, găng
375, găng, gần xa
376, gần xa, gầy
377, gầy, ghép
378, ghép nối, gì thì gì
379, gỉ, già cỗi
380, già dái non hột, giả thử
381, giả trá, giá trị trao đổi
382, giá trị tuyệt đối, giải pháp
383, giải phẫu, giảm phát
384, giảm phát, gian thương
385, gian trá, giảnh
386, giành giật, giao thông
387, giao thông hào, giáp
388, giáp, giặc giã
389, giặc giã, giật gấu vá vai
390, giật giải, giấy dó
391, giấy đánh máy, giết
392, giết, giong
393, giong, giơ tay múa chân
394, giờ, giúi giụi
395, giụi, gò
396, gò, gom nhặt
397, gom nhóp, gỗ sến
398, gố súc, gợi mở
399, gợi tả, gườm
400, gườm, gượng nhẹ
401, h, hạ bút thành chương
402, hạ cam, hạch hỏi
403, hạch mồ hôi, hải hà
404, hải khẩu, hàm
405, hàm ẩn, han gắn
406, hàn gắn, hàng
407, hàng, hàng xách
408, hàng xáo, hành lang
409, hành lang, hao tiền tốn của
410, hao tổn, hát
411, hát ả đảo, hau háu
412, hau háu, hăm hở
413, hăm hở, hắt hủi
414, hắt xì, hấp háy
415, hấp háy, hậu mãi
416, hậu môn, hèn kém
417, hèn kém, hể hả
418, hể hả, hết cái thì đến nước
419, hết chỗ nói, hì hì
420, hì hục, hiếm muộn
421, hiếm như vàng, hiện
422, hiện, hiểu biết
423, hiểu biết, hiệu triệu
424, hiệu trưởng, hình thái
425, hình thang, họ
426, họ, hoa mặt trời
427, hoa mật, hoà mục
428, hoà nhã, hoá học
429, hoá học, hoài bão
430, hoài cảm, hoãn
431, hoãn, hoàng đản
432, hoàng đạo, hoạt động
433, hoạt động, học phái
434, học phẩm, hom
435, hom, hót
436, hót, hộ
437, hộ chiếu, hồi phục
438, hồi phục, hội kiến
439, hội kiến, hỗn chiến
440, hỗn danh, hổng
441, hống hách, hơi
442, hơi, hớn hở
443, hớp, hớt hải
444, hớt hơ hớt hải, hùi hụi
445, hùi hụi, hùng hùng hổ hổ
446, hùng hùng hổ hổ, huỵch toẹt
447, huyên náo, huynh đệ
448, huynh đệ, hưng vượng
449, hưng vượng, hưởng thọ
450, hưởng họ, hữu trách
451, hữu trách, Hz
452, i, ỉa
453, ỉa, in hoa
454, in ỉn, ỉu
455, ỉu xì, ỉu xịu
456, j, jupe
457, k, kèm nhẻm kèm nhèm
458, kẽm, kéo bè kéo cánh
459, kéo bè kéo cánh, kế tiếp
460, kế toán, kết hôn
461, kết hợp, khả dung
462, khả dụng, khách quen
463, khách quí, khai trường
464, khai vị, kháng
465, kháng án, khảo nghiệm
466, khảo sát, khăn cổ
467, khăn đắp, khẩn
468, khẩn, khấu đầu khấu đuôi
469, khấu đầu khấu đuôi, khế
470, khế cơm, khí than
471, khí thế, khiếp nhược
472, khiếp sợ, kho
473, kho, khoa mục
474, khoa ngoại, khoan nhượng
475, khoan nhượng, khoe
476, khoe, khô mộc
477, khô ráo,"khôn làm cột cái,dại làm cột con"
478, khôn lắm dại nhiều, không gì lay chuyển nổi
479, không gian, khơi
480, khơi, khu vực liên kết
481, khu xử, khui
482, khum, khuyến
483, khuyến khích, ki
484, ki bo, kĩ
485, kĩ càng, kích thích
486, kích thích tố, kiếm thuật
487, kiệm, kiếp
488, kiết, kim loại đen
489, kim loại hiếm, kinh hoảng
490, kinh hoảng, kính mến
491, kính nể, KW-h
492, l, lả
493, lả lơi, lạ nước lạ non
494, lạ tai, lạch ạch
495, lạch ạch, lãi sô
496, lãi suất, làm bàn
497, làm bạn, làm đồng
498, làm đồng mẫu số, làm mất lòng
499, làm mất lòng, làm thuê
500, làm thuốc, làn
501, làn điệu, làng xóm
502, làng xóm, lanh
503, lanh canh, lãnh thổ
504, lãnh thổ bổ sung, lao lực
505, lao lực, lạo xạo
506, láp nháp, lay bay
507, lay chuyển, lăm le
508, lăm le, lăn xăn
509, lằn, lẳng
510, lằng đẳng, lắp ghép
511, lắp ghép, lâm thời
512, lâm trận, lấm như vùi
513, lậm, lẫn
514, lẫn cẫn, lập công
515, lập dập, lật mặt như trở bàn tay
516, lật ngửa, lây nhiễm
517, lây phây, lấy lệ
518, lấy lòng, lé
519, lé mé, lén lút
520, leng béng, lẹo
521, lẹo, lễ bạc tâm thành
522, lễ bái, lên bổng xuống trầm
523, lên cân, lệnh
524, lệnh, li biệt
525, li dị, lí trí
526, lí tưởng, liệc
527, liêm, liên tịch
528, liên tiếp, liều liệu
529, liều lĩnh, linh tinh lang tang
530, linh tính, lìu khiu
531, líu, lò đúc
532, lò đúc thép, loã
533, loã, loạn lạc
534, loạn lạc, loăng ngoăng
535, loăng quăng, loi choi
536, loi choi, lòn thòn
537, lòn tòn, lòng không dạ đói
538, long kiến dạ kiến, lóp ngóp
539, lọp, lỗ đỗ
540, lỗ độn, lộc
541, lộc, lồn
542, lồn lột, lông lốc
543, lông mao, lộp độp
544, lộp độp, lở loét
545, lở lói, lời giải
546, lời giáo đầu, lơn xơn
547, lờn, lớp cách nhiệt
548, lớp chọn, lú gan
549, lú gan, luân phiên
550, luân phiên, lúc cúc
551, lúc đầu, lục phàn
552, lục phủ, lúm chúm
553, lúm cúm, lủng ca lủng củng
554, lủng củng, luồn lỏi
555, luồn lọt, luỹ tiến
556, luỹ tiến, lừa bịp
557, lừa cơ, lưng
558, lưng, lược thao
559, lược thuật, lườm
560, lườm, lương thêm
561, lương thiện, lượng tình
562, lượng tử, lưu ngôn
563, lưu nhiệm, lựu pháo
564, m, ma-níp
565, ma-nơ-canh, mã hoá
566, mã hoá, mạch đồ
567, mạch ghép, mài giũa
568, mài miệt, màn gọng
569, màn hiện sóng, mang máng
570, mang mẻ, máng cỏ
571, máng dẫn nước, mánh
572, mánh, mát da mát thịt
573, mát dạ, mau nước mắt
574, màu, màu trắng
575, màu tử anh, may vá
576, may vá, máy cào cỏ
577, máy cào đá, máy dệt vải tự động
578, máy dò, máy ép
579, máy ép, máy kiểm vải
580, máy Kim quay, may phay
581, may phay, máy tiện
582, máy tiện răng, mắc coọc
583, mắc công, mằn
584, mằn, mắt nhắm mắt mở
585, mắt phượng mày ngài, mặt người dạ thú
586, mặt nhăn mày nhó, mẩn
587, mẩn, mất ngủ
588, mất ngủ, mẫu
589, mẫu, mấy mươi
590, mấy mươi, men
591, men, mê-đi-a
592, mê gái, mến phục
593, mến thương, mĩ cảm
594, mĩ dục, miễn là
595, miễn là, minh chủ
596, minh chứng, mò mò
597, mò mò, moi móc
598, moi ruột moi gan, mỏng dính
599, mỏng dính, mô phạm
600, mô Phật, mộc
601, mộc, mội
602, mội, mộng du
603, mộng dương, một lầm hai lỗi
604, một lèo, mơ mộng
605, mơ mộng, mỡ
606, mỡ để miệng mèo, mớm
607, mớm, mụ o
608, mụ trùm, múa mép
609, múa mép khua môi, mũi dãi
610, mũi dao, muối mỏ
611, muối tảng, mưa gào gió thép
612, mưa gào gió thét, mừng rỡ
613, mừng rơn, mưu cầu
614, mưu chước, mưu trí
615, n, nài xin
616, nài, nản chí
617, nản lòng, nào
618, nào, nát thịt tan xương
619, nát tươm, năm âm lịch
620, năm ba, nằm khèo
621, nằm khểnh, năng lượng hạt nhân
622, năng may hơn dày giẻ, nặng tai
623, nặng tay, nẩu
624, nẩu, nén
625, nén, nếm trải
626, nếm trải, nếu vậy
627, nga, ngải đắng
628, ngái, ngang ngược
629, ngang nhiên, ngay
630, ngay, ngày rộng tháng dài
631, ngày sau, ngẳng 
632, ngẳng, ngậm hột thị
633, ngậm hờn nuốt tủi, ngập ngừng
634, ngập ngừng, ngấy
635, ngấy, nghèo ngặt
636, nghèo ngặt, nghêu ngao
637, nghễu nghiện, nghí ngởn
638, nghí ngởn, nghiêm mật
639, nghiêm minh, nghiệp báo
640, nghiệp chướng, ngoài cuộc 
641, ngoài da, ngoại thương
642, ngoại tiếp, ngoại kép
643, ngoặc tay, ngòi bút
644, ngòi nổ, ngỏng
645, ngỏng, ngộ nhỡ
646, ngộ nhỡ, ngổn ngang
647, ngổn ngang, ngợi khen
648, ngơm ngớp, ngũ tuần
649, ngũ thường, nguồn lực
650,  nguồn lực, nguyên khai
651, nguyên khí, nguýt
652, ngư, ngựa
653, ngựa bạch, người bị hại
654, người cá, ngượng mặt
655, ngượng mồm, nhà hàng
656, nhà hàng, nhà thông thái
657, nhà thơ, nhạc công
658, nhạc công, nhàm tai
659, nhàm, nhanh trí
660, nhành, nhạt phèo
661, nhạt thếch, nháy nháy
662, nháy nháy, nhăn nheo
663, nhăn nheo, nhặng xị
664, nhặng xị, nhân danh
665, nhân danh, nhân tình
666, nhân tình nhân ngãi, nhận thức luận
667, nhận thực, nhập ngũ
668, nhập nhà nhập nhằng, nhất thần
669, nhất thể hóa, nhẹ bỗng
670, nhẹ dạ, nhể
671, nhể, nhiếc
672, nhiếc, nhiêu
673, nhiêu khê, nho gia
674, nho gia, nhoài
675, nhoài, nhòn nhọn
676, nhón, nhộn
677, nhộn, nhớ ơn
678, nhớ ra, nhủ
679, nhủ, nhũn
680, nhũn, nhụt chí
681, nhụt chí, nhưng nhức
682, những, niệm kinh
683, niên, no
684, no, nói chung
685, nói chuyện, nói mò
686, nói móc, nói trống không
687, nói trống không, nong
688,  nong, nô dịch
689, nô dịch, nổi gió
690, nổi khùng, nội đồng
691, nội đồng, nôn nóng
692, nôn thốc nôn tháo, nồng nỗng
693, nồng nỗng, nơm nớp
694, nờm nợp, nuôi
695, nuôi, nữ công
696, nữ giới, nực nội 
697, nực nội, nước lèo
698, nước lên thuyền cũng lên, nương nhờ
699, nương nhờ, nylon
700, o, oan
701, oan gia, ODA 
702,  ODA, òng òng
703, ỏng, ozon 
704, ô, ố
705, ố, ốm tương tư
706, ốm yếu, ồng ộc
707, ổng, ốp
708, ốp, ôsin
709, ơ, ơn huệ
710, ơn ớn, ớt rừng
711, p, phá bĩnh
712, phá bỏ, phạch
713, phạch, phải trái
714, phải trái, phản biện
715, phản bội, phán xét
716, phán sự, pháo hạm
717, pháo hiệu, phát điện
718, phát động, phạt đền
719, phạt gián tiếp, phẩm chất
720, phẩm giá, phân hủy
721, phân hữu cơ, phẫn chí
722, phẫn khích, Phật học
723, phật lòng, phép giải
724, phép giải, phềnh
725, phềnh, phì
726, phì, phiên thuộc
727, phiên tòa, phim 
728, phim, phó tang
729, phó thác, phong tặng
730, phong tặng, phòng tuyến
731, phòng vệ, phóng xá
732, phóng xạ, phối chế
733, phối hợp, phơi
734, phơi, phù phụt
735, phù phụt, phụ hệ
736, phụ họa, phục
737, phục, phụng
738, phụng hoàng, phương thức
739, phương thức, púp-pê
740, q, quả cư
741, quả dại, quá kì
742, quá lắm, quái thai
743, quái tượng, quàn
744, quàn, quang hợp
745, quang hợp, quanh quẩn
746, quanh quẩn, quạu quọ
747, quay, quắn
748, quắn, quân hạm
749, quân hiệu, quần soóc
750, quần tam tụ ngũ, quầy quả
751, quầy quả, quen thói
752, quen thuộc, quên lứt
753, quên mất, qui tụ
754, qui ước, quí tử
755, quí tướng, quốc sử quán
756, quốc sự, quyên tặng
757, quyên trợ, quyết nghị
758, quyết nghị, quýnh quýu
759, r, ra môn ra khoai
760, ra năm, rã rượi
761, rã sòng, ràn rụa
762, ràn rụa, rành rõ
763, rành rõ, ráo túi
764, rạo, rau sống
765, rau súp-lơ, rặn
766, rặn, rậm lời
767, rậm nét, râu ria
768, râu ria, rèn tập 
769, rén, rết
770, rêu, rỉa rói
771, rịa, rịt
772, riu, rói
773, rọi, rô-bốt
774, rô-nê-ô, rối rắm
775, rối rắm, rỗng hoác
776, rỗng không, rợ
777, rợ, ru rú
778, rù, rum-ba
779, rùm, rụng rời
780, rụng rời, rút
781, rút, rửng mỡ
782, rựng, rứt ruột
783, s, sà sẫm
784, sà sẫm, sạch nợ
785, sạch nước cảm, sãi
786, sãi, sàn nhược
787, sàm sàn, sang nhượng
788, sang nhượng, sáng mắt
789, sáng mắt, sánh bước
790, sánh bước, sáo mượn lông công
791, sáo ngang, sát sinh
792, sát sinh, say như chết
793, say như điếu đổ, sặc sỡ
794, sặc sỡ, sẵn lòng
795, sẵn lòng, sâm banh
796, sâm cau, sân còn gần hơn ngõ
797, sân chơi, sập tiệm
798, sập tiệm, sây
799, sây sát, séc bảo chi
800, séc du lịch, sền sệt
801, sến, sì sụp
802, sỉ, siêu hiện thực
803, siêu hình, sinh diệt
804, sinh diệt, sinh sản
805, sinh sản bằng lá, sình trướng
806, sình lầy, soai soài
807, soai soài, sóm sém
808, sóm sém, song song
809, song tấu, sóng ngang
810, sóng ngầm, sổ hộ khẩu
811, sổ lòng, số hóa
812, số học, sôi gan nổi mật
813, sôi gan nổi mật, sông Ngô bể Sở
814, sông Ngô bể Sở, sống để dạ chết mang đi
815, sống để dạ chết mang đi, sốt gan
816, sốt gan, sơ-mi-dét
817, sơ nhiễm, sở dĩ
818, sở dĩ, sợi
819, sợi, sơn cùng thủy tận
820,  sơn cùng thủy tận, sờn lòng
821, sờn lòng, súc
822, súc-cù-la, sung sức
823, sung sướng, suôi
824, suối, suy bì
825, suy biến, suyễn
826, suyễn, sự biến
827, sự biến, sức
828, sức bật, sửng sốt
829, sửng sốt, sượng trân
830, sượng trân, sửu
831, t, tá
832, tá, tạc
833, tạc, tai vạ
834, tai vách mạch dừng, tài trí
835, tài trí, tái thẩm
836, tái thế, tam thập nhi lập
837, tam thất, tàn khốc
838, tàn khốc, tang thương
839, tang thương, táo
840, táo, tàu chậm
841, tàu chiến, táy máy
842, tắc, tằng hắng
843, tằng tịu, tâm linh
844, tâm lực, tẩm
845, tẩm, tận diệt
846, tận dụng, tập tễnh
847, tập tễnh, tẩy
848, tẩy, tép
849, téo riu, tên lửa đường đạn
850, tên lửa vũ trụ, tha tội
851, thà, thạch quan
852, thạch quyển, tham bát bỏ mâm
853, tham chiến, thảm thê
854, thảm thiết, thán phục
855, thán tinh, thanh học
856, thanh hương, thanh trừ
857, thanh trừ, thành tâm thành ý
858, thành tâm thiện ý, thào
859, thào thào, tháp kinh
860, tháp ngà, thăm thẳm
861, thăm thẳm, thẳng đơ
862, thẳng đơ, thắt gút
863, thắt lưng, thầm thì
864, thầm thì, thân
865, thân, thân yêu
866, thân yêu, thấp
867, thấp, thất đức
868, thất đức, thật
869, thật lực, thầy đồ
870, thầy giáo, thèm thuồng
871, thèm vào, thép sáu cạnh
872, thép sợi cuộn, thể nghiệm
873, thể nhân, thế tổ
874, thế tộc, thi họa
875, thi hứng, thí
876, thí, thìa súp
877, thích, thiên đường
878, thiên đường, thiên văn
879, thiên văn, thiết bì
880, thiết bị, thiếu điều
881, thiếu điều, thịnh nộ 
882, thịnh soạn, thoa
883, thỏa, thoáng đạt
884, thoáng gió, thoi
885, thoi, thóp
886, thóp, thốc tháo
887, thốc tháo, thôn quê
888, thôn tính, thông lưu
889, thông lưng, thống lãnh
890, thống lĩnh, thở hổn hển
891, thở hổn hển, thời cơ
892, thời cục, thờm thàm
893, thờm thàm, thu thập 
894, thu thuế, thủ mưu
895, thủ ngữ, thụ giáo
896, thụ giới, thuận
897, thuận buồm xuôi gió, thuế đánh theo giá
898, thuế đinh, thùng
899, thùng, thuốc hạ đờm
900, thuốc hãm hình, thuội 
901, thuôn, thủy lực
902, thủy lực học, thuyền nhân
903, thuyền pê-rít-xoa, thư hùng 
904, thư hùng, thứ bậc
905, thứ bậc, thừa phương
906, thừa số, thực lòng
907, thực lòng, thước cong
908, thước cuộn, thương lái
909, thương lái, thường phục
910, thường sơn, thượng tầng
911, thượng tầng kiến trúc, tỉ trọng
912, tỉ trọng, tỉa
913, tỉa, tịch mịch
914, tịch thâu, tiệm tiến
915, tiên, tiền cọc
916, tiền công, tiền phụ cấp
917, tiền phụ cấp, tiến quân
918, tiến sĩ, tiếng tăm
919, tiếng thế, tiếp tay
920, tiếp tân, tiêu
921, tiêu, tiêu thụ
922, tiêu thủy, tiểu phẫu
923, tiểu qui mô, tin 
924, tin, tín vật
925, tinh, tinh thông
926, tinh tinh, tình thâm
927, tình thâm, tĩnh tại 
928, tĩnh tâm, tịnh 
929, tịnh, to gan lớn mật
930, to hó, toa chở nặng
931, toa hạng nhất, tọa độ song song
932, tọa độ thẳng góc, toàn thể
933, toàn thể, tóc thề
934, tóc tiên, tóm 
935, tóm, tóp tòm tọp
936, tóp tọp, tổ nghiệp 
937, tổ ong, tồi
938, tồi, tối tăm
939, tối tăm mặt mày, tôn tạo
940, tôn tạo, tông
941, tông, tổng khủng hoảng
942, tổng kim ngạch, tống táng
943, tống táng, tột vời
944, tơ, tới hạn
945, tới lui, trả giá
946, trả góp, trai trẻ
947, trái, trại lính
948, trại mồ côi, trang trải
949, trang trại, tranh cuộn
950, tranh cử, trào
951, trào dâng, trăm nghìn
952, trăm nhà đua tiếng, trắng phau
953, trắng phau, trân châu
954, trân châu lùn, trận pháp
955, trận pháp, trầy xước
956, trẩy, treo trễ
957, trèo, trên kính dưới nhường
958, trên kính đưới nhường, trị 
959, trị, triệt
960, triệt để, trình bày
961, trình bày, trỏ tay năm ngón
962, trọ, tròn vo
963, tròn xoay, trọng lực
964, trọng lượng, trôi
965, trôi, trốn
966, trốn, trống chiêng
967, trống con, trơ mắt
968, trơ mắt ếch, trở xuống
969, trở xuống, trơn
970, trơn, trú ẩn
971, trú ẩn, trụi thui lủi
972, trụi thùi lụi, trung lộ
973, trung lưu, trùng điệp 
974, trùng hôn, trụt
975, trụt, truyền giống
976, truyền hình, trứ danh
977, trứ tác, trừng phạt
978, trừng trị, trường cao đẳng
979, trường chinh, trượt
980, trượt, tù tì
981, tù tội, tủa
982, tủa, tục 
983, tục, tùm hụp
984, tùm lum, túng
985, túng, tuốt
986, tuốt, tủy
987, tủy, tuyến tiền liệt
988, tuyến tính, tư
989, tư, từ
990, từ, từ trường
991, từ từ, tự
992, tự, tự tại 
993, tự tạo, tức khắc
994, tức khắc, tươi hớn hở
995, tươi mát, tương lai
996, tương ngộ, tướng
997, tướng, TW
998, u, ù ờ
999, ù tai, ùa vào
1000, ủa, úm
1001, úm, uốn lượn
1002, uốn lượn, ủy ban
1003, ủy ban, uýt-xki
1004, ư, ức đoán
1005, ức hiếp, ứng tiếp
1006, ứng tiếp, ươn hèn
1007, ươn hèn, ưu phiền
1008, ưu phiền, ưu việt
1009, v, vá víu
1010, vạ, vạch ra
1011, vạch rõ, vãi rắm
1012, vãi ruột, vạn
1013, vạn, vàng
1014, vàng, váng mình sốt mẩy
1015, váng mình váng mẩy, vào lộng ra khơi
1016, vào luồn ra cúi, vằm
1017, vặm vo, văn thơ
1018, văn thư, vắng khách
1019, vắng khách, vân vân
1020, vân vê, vận ai nấy lo
1021, vận cước, vật chủ
1022, vật chứa, vây
1023, vây bọc, ve vãn
1024, ve vẩy, vén ót
1025, vẹn, vế đùi
1026, vế trên, vi cảnh
1027, vi chất, vì sao
1028, vì thế, vị sao
1029, vị sao, viên giác
1030, viên hầu, viết chì
1031, viết đáp, vịt tần
1032, vịt xiêm,"vóc quấn cột cầu,ngó lâu cũng đẹp"
1033, vóc vạc, vòng
1034, vòng, vọng ngữ
1035, vọng nhật, vô định 
1036, vô đoan, vô nghiệm
1037, vô nguyên tắc, vô trách nhiệm
1038, vô trách nhiệm, vôi sống
1039, vôi tôi, vờ vĩnh
1040, vờ vịt, vời vợi
1041, vời vợi, vù vù
1042, vũ, vụ danh vụ lợi
1043, vụ mùa, vũm
1044, vun, vùng và vùng vằng
1045, vùng và vùng vằng, vút
1046, vút, vừa ý 
1047, vữa, vượn người
1048, vượn khí, vưu vật
1049, w, WTO
1050, x, xà bần
1051, xà beng, xạ hương
1052, xạ kích, xàng xàng
1053, xàng xàng, xào nấu
1054, xào thập cẩm, xắn móng lợn
1055, xăng, xấp xải
1056, xấp xỉ, xe cáp
1057, xe cần trục, xe lẻ
1058, xe lẻ, xéo
1059, xẹo, xếp
1060, xếp, xỉ
1061, xỉ vả, xiên xẹo 
1062, xiên xẹo, xịt
1063, xịt, xoạc
1064, xoạc, xoắn
1065, xoắn, xong xuôi
1066, xòng xõng, xộc xệch
1067, xộc xệch, xốp xộp
1068, xốp xộp, xù
1069, xù, xuất ngoại
1070, xuất nhập cảnh, xúi giục
1071, xúi quẩy, xuôi xuôi
1072, xuôi xuôi, xử công khai 
1073, xử giảo, xương
1074, xương bả vai, xướng nghị
1075, y, ý chừng
1076, ý dĩ, yên phận
1077, yên phận, yêu thuật
1078, yêu thương, yoga
1079, z, Zn
